{
  "cv_scores": [
    {
      "n_splines": 15,
      "mean_rmse": 37.134961190738814
    },
    {
      "n_splines": 20,
      "mean_rmse": 37.076230163174074
    },
    {
      "n_splines": 25,
      "mean_rmse": 37.053022684714435
    }
  ],
  "selected_n_splines": 25,
  "selected_mean_rmse": 37.053022684714435
}