{
  "n_components": 3,
  "explained_variance_ratio": [
    0.37422813819810014,
    0.20448918015252918,
    0.1618122225456484
  ],
  "cumulative_variance_ratio": [
    0.37422813819810014,
    0.5787173183506293,
    0.7405295408962778
  ],
  "original_features": [
    "passengers",
    "nsmiles",
    "rl_pax_str",
    "tot_pax_str",
    "large_ms",
    "lf_ms"
  ],
  "categorical_features": [
    "quarter"
  ],
  "loadings": {
    "PC1": {
      "passengers": 0.41300394745399444,
      "nsmiles": 0.2283224410947616,
      "rl_pax_str": 0.35135128614821354,
      "tot_pax_str": 0.5904126303837963,
      "large_ms": -0.4617214198921901,
      "lf_ms": -0.30343884441180147
    },
    "PC2": {
      "passengers": 0.02115934583985427,
      "nsmiles": 0.6126146985090118,
      "rl_pax_str": -0.5931645922451738,
      "tot_pax_str": -0.2707337035689053,
      "large_ms": -0.22090395140049673,
      "lf_ms": -0.3877060558831527
    },
    "PC3": {
      "passengers": 0.772196883403575,
      "nsmiles": -0.2837457809486731,
      "rl_pax_str": -0.4961069139568223,
      "tot_pax_str": 0.10346034026428744,
      "large_ms": 0.1931174398962675,
      "lf_ms": 0.17052814248733675
    }
  }
}