{
  "cv_scores": [
    {
      "n_splines": 15,
      "mean_rmse": 37.06968495069036
    },
    {
      "n_splines": 20,
      "mean_rmse": 37.00982256021139
    },
    {
      "n_splines": 25,
      "mean_rmse": 36.98105374351656
    }
  ],
  "selected_n_splines": 25,
  "selected_mean_rmse": 36.98105374351656
}